[{
  "title": "Pirates of the Caribbean: On Stranger Tides",
  "cover": "/images/On_Stranger_Tides_Poster.jpg",
  "year": "2011",
  "cost": 378.5,
  "starring": [{
    "name": "Johnny Depp"
  }, {
    "name": "Penélope Cruz"
  }, {
    "name": "Ian McShane"
  }, {
    "name": "Kevin R. McNally"
  }, {
    "name": "Geoffrey Rush"
  }]
}, {
  "title": "Pirates of the Caribbean: At World's End",
  "cover": "/images/Pirates_AWE_Poster.jpg",
  "year": "2007",
  "cost": 300,
  "starring": [{
    "name": "Johnny Depp"
  }, {
    "name": "Orlando Bloom"
  }, {
    "name": "Keira Knightley"
  }, {
    "name": "Geoffrey Rush"
  }, {
    "name": "Stellan Skarsgård"
  }]
}, {
  "title": "Avengers: Age of Ultron",
  "cover": "/images/Avengers_Age_of_Ultron.jpg",
  "year": "2015",
  "cost": 279.9,
  "starring": [{
    "name": "Robert Downey Jr."
  }, {
    "name": "Chris Hemsworth"
  }, {
    "name": "Mark Ruffalo"
  }, {
    "name": "Chris Evans"
  }, {
    "name": "Scarlett Johansson"
  }]
}, {
  "title": "John Carter",
  "cover": "/images/John_carter_poster.jpg",
  "year": "2012",
  "cost": 263.7,
  "starring": [{
    "name": "Taylor Kitsch"
  }, {
    "name": "Lynn Collins"
  }, {
    "name": "Samantha Morton"
  }, {
    "name": "Mark Strong"
  }, {
    "name": "Ciarán Hinds"
  }]
}, {
  "title": "Tangled",
  "cover": "/images/Tangled_poster.jpg",
  "year": "2010",
  "cost": 260,
  "starring": [{
    "name": "Mandy Moore"
  }, {
    "name": "Zachary Levi"
  }, {
    "name": "Donna Murphy"
  }]
}, {
  "title": "Spider-Man 3",
  "cover": "/images/Spider-Man_3%2C_International_Poster.jpg",
  "year": "2007",
  "cost": 258,
  "starring": [{
    "name": "Tobey Maguire"
  }, {
    "name": "Kirsten Dunst"
  }, {
    "name": "James Franco"
  }, {
    "name": "Thomas Haden Church"
  }, {
    "name": "Topher Grace"
  }]
}, {
  "title": "Harry Potter and the Half-Blood Prince",
  "cover": "/images/harry-potter-and-the-half-blood-prince.jpg",
  "year": "2009",
  "cost": 250,
  "starring": [{
    "name": "Daniel Radcliffe"
    }, {
    "name": "Rupert Grint"
    }, {
    "name": "Emma Watson"
    }, {
    "name": "Jim Broadbent"
    }, {
    "name": "Helena Bonham Carter"
  }]
}, {
  "title": "Spectre",
  "cover": "/images/MV5BMjIwNTA1MDA2Ml5BMl5BanBnXkFtZTgwNzIzMTA5NDE@._V1_SX640_SY720_.jpg",
  "year": "2015",
  "cost": 245,
  "starring": [{
    "name": "Daniel Craig"
    }, {
    "name": "Christoph Waltz"
    }, {
    "name": "Léa Seydoux"
    }, {
    "name": "Ben Whishaw"
    }, {
    "name": "Naomie Harris"
  }]
}, {
  "title": "Avatar",
  "cover": "/images/Avatar-Teaser-Poster.jpg",
  "year": "2009",
  "cost": 237,
  "starring": [{
    "name": "Sam Worthington"
    }, {
    "name": "Zoe Saldana"
    }, {
    "name": "Stephen Lang"
    }, {
    "name": "Michelle Rodriguez"
    }, {
    "name": "Sigourney Weaver"
  }]
}, {
  "title": "The Dark Knight Rises",
  "cover": "/images/Dark_knight_rises_poster.jpg",
  "year": "2012",
  "cost": 230,
  "starring": [{
    "name": "Christian Bale"
    }, {
    "name": "Michael Caine"
    }, {
    "name": "Gary Oldman"
    }, {
    "name": "Anne Hathaway"
    }, {
    "name": "Tom Hardy"
  }]
}]
